,date,weather_code,temperature_2m_max,precipitation_sum,temperature_2m_mean,temperature_2m_min,visibility_mean,wind_speed_10m_mean
0,2023-01-01 00:00:00+00:00,71.0,-6.3,0.4,-7.2937503,-8.0,,5.050155
1,2023-01-02 00:00:00+00:00,3.0,-7.0,0.0,-9.414583,-13.0,,11.658464
2,2023-01-03 00:00:00+00:00,3.0,-5.0,0.0,-7.2625003,-8.85,,7.5221987
3,2023-01-04 00:00:00+00:00,3.0,-7.65,0.0,-9.227084,-11.35,,5.9253488
4,2023-01-05 00:00:00+00:00,3.0,-7.15,0.0,-8.983334,-12.6,,6.790324
5,2023-01-06 00:00:00+00:00,3.0,-7.25,0.0,-9.033334,-11.75,,5.5483756
6,2023-01-07 00:00:00+00:00,3.0,-7.35,0.0,-10.270835,-14.65,,21.887758
7,2023-01-08 00:00:00+00:00,3.0,-8.25,0.0,-11.766665,-15.9,,9.04614
8,2023-01-09 00:00:00+00:00,3.0,-6.95,0.0,-11.472916,-16.35,,10.442921
9,2023-01-10 00:00:00+00:00,3.0,-5.4,0.0,-5.9979157,-6.8,,14.524701
10,2023-01-11 00:00:00+00:00,71.0,-6.25,0.5,-7.1000004,-8.7,,13.770514
11,2023-01-12 00:00:00+00:00,3.0,-8.75,0.0,-11.408334,-15.15,,9.2011385
12,2023-01-13 00:00:00+00:00,3.0,-6.05,0.0,-9.891665,-13.9,,22.4143
13,2023-01-14 00:00:00+00:00,3.0,-3.65,0.0,-6.5020843,-10.8,,11.929871
14,2023-01-15 00:00:00+00:00,51.0,-2.2,0.1,-3.7520835,-5.85,,4.56668
15,2023-01-16 00:00:00+00:00,3.0,-3.75,0.0,-5.814583,-9.15,,15.649797
16,2023-01-17 00:00:00+00:00,3.0,-9.3,0.0,-10.052084,-11.3,,15.300891
17,2023-01-18 00:00:00+00:00,3.0,-6.75,0.0,-8.691668,-10.3,,7.58943
18,2023-01-19 00:00:00+00:00,3.0,-6.85,0.0,-8.427083,-9.5,,5.447222
19,2023-01-20 00:00:00+00:00,3.0,-3.15,0.0,-6.991667,-9.8,,9.145999
20,2023-01-21 00:00:00+00:00,3.0,-5.35,0.0,-9.720833,-16.4,,9.634124
21,2023-01-22 00:00:00+00:00,71.0,-4.4,0.1,-12.706248,-18.2,,13.140435
22,2023-01-23 00:00:00+00:00,73.0,-0.9,2.5999997,-6.6770835,-17.65,,14.19413
23,2023-01-24 00:00:00+00:00,71.0,-10.05,1.0,-13.879167,-17.6,,13.136688
24,2023-01-25 00:00:00+00:00,3.0,-16.4,0.0,-20.245832,-25.8,,6.4607315
25,2023-01-26 00:00:00+00:00,73.0,-6.15,4.1,-11.193749,-16.95,,16.23328
26,2023-01-27 00:00:00+00:00,71.0,-7.7,0.4,-16.077082,-24.8,,23.0682
27,2023-01-28 00:00:00+00:00,3.0,-22.75,0.0,-26.199999,-30.05,,10.007098
28,2023-01-29 00:00:00+00:00,3.0,-22.0,0.0,-25.879166,-29.4,,11.4121895
29,2023-01-30 00:00:00+00:00,3.0,-17.95,0.0,-23.912497,-29.0,,15.52374
30,2023-01-31 00:00:00+00:00,3.0,-20.7,0.0,-25.393753,-29.95,,9.9621525
31,2023-02-01 00:00:00+00:00,73.0,-14.4,0.7,-22.325003,-31.35,,10.849847
32,2023-02-02 00:00:00+00:00,3.0,-19.25,0.0,-26.152079,-32.1,,17.85555
33,2023-02-03 00:00:00+00:00,71.0,-17.6,0.1,-23.86875,-32.9,,22.031513
34,2023-02-04 00:00:00+00:00,73.0,-10.05,2.1,-14.666664,-19.45,,7.8685856
35,2023-02-05 00:00:00+00:00,3.0,-7.1,0.0,-13.4312525,-18.8,,13.270554
36,2023-02-06 00:00:00+00:00,3.0,1.0,0.0,-2.1645832,-6.7,,23.838322
37,2023-02-07 00:00:00+00:00,3.0,-0.5,0.0,-6.135416,-16.4,,11.264506
38,2023-02-08 00:00:00+00:00,73.0,0.15,1.0,-1.7062501,-5.6,,10.767449
39,2023-02-09 00:00:00+00:00,3.0,-1.45,0.0,-9.35625,-17.65,,17.910223
40,2023-02-10 00:00:00+00:00,3.0,-3.15,0.0,-9.679167,-17.55,,17.817564
41,2023-02-11 00:00:00+00:00,3.0,2.0,0.0,0.4250001,-2.55,,16.967957
42,2023-02-12 00:00:00+00:00,3.0,1.1,0.0,-2.35625,-7.15,,14.589546
43,2023-02-13 00:00:00+00:00,3.0,2.6,0.0,-2.677083,-10.55,,19.442976
44,2023-02-14 00:00:00+00:00,71.0,2.4,1.1,-3.5395832,-12.7,,19.588442
45,2023-02-15 00:00:00+00:00,3.0,-13.5,0.0,-17.135416,-20.9,,18.220678
46,2023-02-16 00:00:00+00:00,3.0,-14.25,0.0,-19.556252,-25.3,,10.718647
47,2023-02-17 00:00:00+00:00,71.0,-0.95,0.3,-9.206249,-17.45,,21.92195
48,2023-02-18 00:00:00+00:00,73.0,-1.7,2.8,-6.1645827,-12.1,,11.450895
49,2023-02-19 00:00:00+00:00,73.0,-8.35,0.3,-17.579168,-22.6,,13.64127
50,2023-02-20 00:00:00+00:00,73.0,-14.9,2.8,-18.077085,-23.95,,16.812056
51,2023-02-21 00:00:00+00:00,3.0,-17.5,0.0,-24.1625,-28.8,,7.209186
52,2023-02-22 00:00:00+00:00,3.0,-21.25,0.0,-25.764582,-31.3,,13.590121
53,2023-02-23 00:00:00+00:00,3.0,-19.3,0.0,-22.633331,-25.0,,16.402689
54,2023-02-24 00:00:00+00:00,51.0,-16.3,0.1,-21.749998,-27.8,,12.1262245
55,2023-02-25 00:00:00+00:00,3.0,-16.35,0.0,-19.68542,-22.5,,14.395604
56,2023-02-26 00:00:00+00:00,3.0,-6.75,0.0,-14.447917,-23.05,,14.610446
57,2023-02-27 00:00:00+00:00,3.0,1.15,0.0,-6.458334,-11.9,,15.856445
58,2023-02-28 00:00:00+00:00,3.0,-7.05,0.0,-10.560416,-16.65,,15.51588
59,2023-03-01 00:00:00+00:00,3.0,-13.15,0.0,-16.645834,-20.05,,9.970981
60,2023-03-02 00:00:00+00:00,3.0,-8.55,0.0,-15.252082,-23.4,,20.15963
61,2023-03-03 00:00:00+00:00,1.0,0.15,0.0,-6.558334,-11.95,,15.076356
62,2023-03-04 00:00:00+00:00,3.0,-0.25,0.0,-6.3395824,-11.55,,10.343946
63,2023-03-05 00:00:00+00:00,3.0,-5.8,0.0,-10.191667,-15.15,,13.899222
64,2023-03-06 00:00:00+00:00,3.0,-11.3,0.0,-15.293751,-18.8,,17.94107
65,2023-03-07 00:00:00+00:00,3.0,-12.3,0.0,-16.966667,-22.9,,14.200724
66,2023-03-08 00:00:00+00:00,71.0,-6.65,0.3,-10.250001,-14.1,,17.476645
67,2023-03-09 00:00:00+00:00,3.0,-5.3,0.0,-7.4374995,-10.25,,16.02485
68,2023-03-10 00:00:00+00:00,3.0,-0.95,0.0,-5.7875,-9.8,,12.719748
69,2023-03-11 00:00:00+00:00,73.0,-6.1,6.3,-7.0645843,-7.95,,25.46722
70,2023-03-12 00:00:00+00:00,71.0,-5.65,0.3,-8.127084,-11.75,,19.01968
71,2023-03-13 00:00:00+00:00,3.0,-7.25,0.0,-13.045834,-19.95,,9.502618
72,2023-03-14 00:00:00+00:00,3.0,-3.55,0.0,-7.3312497,-11.55,,29.858622
73,2023-03-15 00:00:00+00:00,71.0,-1.8,0.3,-4.8083334,-9.15,,7.548904
74,2023-03-16 00:00:00+00:00,3.0,-5.35,0.0,-9.589583,-15.2,,19.374254
75,2023-03-17 00:00:00+00:00,71.0,-10.05,0.6,-13.781249,-19.05,,25.845203
76,2023-03-18 00:00:00+00:00,3.0,-7.4,0.0,-12.314586,-18.3,,15.58819
77,2023-03-19 00:00:00+00:00,3.0,-2.3,0.0,-8.652083,-14.1,,14.105916
78,2023-03-20 00:00:00+00:00,3.0,-7.0,0.0,-12.106248,-17.85,,11.71462
79,2023-03-21 00:00:00+00:00,71.0,-1.55,0.2,-7.852083,-14.65,,10.040049
80,2023-03-22 00:00:00+00:00,71.0,-2.95,1.6000001,-5.9979157,-11.9,,15.558889
81,2023-03-23 00:00:00+00:00,3.0,-4.1,0.0,-9.716666,-17.2,,15.994406
82,2023-03-24 00:00:00+00:00,2.0,-0.95,0.0,-5.5979156,-9.0,,16.826096
83,2023-03-25 00:00:00+00:00,3.0,-1.3,0.0,-6.360417,-13.35,,14.841302
84,2023-03-26 00:00:00+00:00,3.0,-2.35,0.0,-10.820835,-20.2,,9.989853
85,2023-03-27 00:00:00+00:00,3.0,-8.8,0.0,-13.733335,-19.05,,12.282842
86,2023-03-28 00:00:00+00:00,71.0,-7.7,0.2,-15.170834,-22.7,,9.822928
87,2023-03-29 00:00:00+00:00,3.0,-2.85,0.0,-11.560417,-19.65,,17.339926
88,2023-03-30 00:00:00+00:00,3.0,-1.1,0.0,-7.177084,-13.15,,13.243437
89,2023-03-31 00:00:00+00:00,1.0,-0.7,0.0,-6.0416665,-10.65,,16.424177
90,2023-04-01 00:00:00+00:00,3.0,-0.65,0.0,-6.272917,-14.65,,17.008905
91,2023-04-02 00:00:00+00:00,73.0,2.25,1.3000001,-1.5770835,-5.6,,16.541054
92,2023-04-03 00:00:00+00:00,71.0,-1.05,0.2,-5.725,-7.65,,21.543827
93,2023-04-04 00:00:00+00:00,73.0,-0.9,2.1,-5.1062493,-9.3,,17.0091
94,2023-04-05 00:00:00+00:00,75.0,-5.55,12.3,-6.6437497,-7.95,,26.422878
95,2023-04-06 00:00:00+00:00,71.0,-3.8,0.4,-7.485418,-13.5,,14.714578
96,2023-04-07 00:00:00+00:00,3.0,-1.75,0.0,-9.464583,-16.35,,8.068424
97,2023-04-08 00:00:00+00:00,3.0,4.35,0.0,-1.9291667,-7.8,,12.090265
98,2023-04-09 00:00:00+00:00,3.0,10.1,0.0,2.525,-3.9,,12.440499
99,2023-04-10 00:00:00+00:00,3.0,16.95,0.0,6.883333,-0.75,,16.054043
100,2023-04-11 00:00:00+00:00,3.0,17.0,0.0,7.0437503,-1.6,,14.473569
101,2023-04-12 00:00:00+00:00,3.0,18.05,0.0,8.73125,0.95,,12.517538
102,2023-04-13 00:00:00+00:00,73.0,12.55,4.5,6.164583,1.15,,18.92408
103,2023-04-14 00:00:00+00:00,61.0,5.3,5.0,3.7083337,1.55,,15.736787
104,2023-04-15 00:00:00+00:00,3.0,2.85,0.0,1.3583331,-0.4,,21.112242
105,2023-04-16 00:00:00+00:00,3.0,9.9,0.0,3.3083332,-1.8,,19.322071
106,2023-04-17 00:00:00+00:00,0.0,7.8,0.0,1.4833335,-3.65,,13.160405
107,2023-04-18 00:00:00+00:00,3.0,9.65,0.0,3.0895834,-3.65,,13.941009
108,2023-04-19 00:00:00+00:00,73.0,4.1,1.1,2.1145833,0.95,,25.215298
109,2023-04-20 00:00:00+00:00,73.0,2.95,6.0,1.4541668,-0.25,,23.292778
110,2023-04-21 00:00:00+00:00,73.0,5.55,3.3,1.18125,-1.95,,29.261623
111,2023-04-22 00:00:00+00:00,3.0,6.2,0.0,0.4166665,-3.25,,13.44
112,2023-04-23 00:00:00+00:00,71.0,4.45,0.2,0.17916657,-4.7,,8.4406
113,2023-04-24 00:00:00+00:00,3.0,5.65,0.0,0.9333332,-4.7,,7.7865777
114,2023-04-25 00:00:00+00:00,3.0,10.4,0.0,3.1729164,-4.45,,6.089291
115,2023-04-26 00:00:00+00:00,53.0,8.35,3.1,3.5270832,-1.15,,16.913038
116,2023-04-27 00:00:00+00:00,51.0,11.4,0.2,5.385416,0.0,,11.688097
117,2023-04-28 00:00:00+00:00,51.0,10.95,0.7,6.2083325,2.3,,7.99959
118,2023-04-29 00:00:00+00:00,53.0,11.5,1.2,6.2312503,1.85,,13.451996
119,2023-04-30 00:00:00+00:00,51.0,13.0,0.1,6.595833,-0.3,,20.807835
120,2023-05-01 00:00:00+00:00,3.0,11.15,0.0,5.9750004,-0.25,,18.937447
121,2023-05-02 00:00:00+00:00,3.0,16.1,0.0,8.127084,-1.5,,8.551478
122,2023-05-03 00:00:00+00:00,3.0,20.9,0.0,13.602084,5.45,,15.55772
123,2023-05-04 00:00:00+00:00,3.0,17.9,0.0,11.602084,2.85,,13.873596
124,2023-05-05 00:00:00+00:00,51.0,18.2,0.2,12.097917,4.95,,19.020288
125,2023-05-06 00:00:00+00:00,3.0,17.6,0.0,11.954165,5.4,,17.80081
126,2023-05-07 00:00:00+00:00,3.0,16.45,0.0,12.454166,8.75,,20.91062
127,2023-05-08 00:00:00+00:00,61.0,10.95,4.7999997,9.952083,9.25,,13.377134
128,2023-05-09 00:00:00+00:00,51.0,21.15,0.1,13.243749,5.25,,7.9789023
129,2023-05-10 00:00:00+00:00,3.0,24.95,0.0,16.44375,9.05,,11.554231
130,2023-05-11 00:00:00+00:00,3.0,23.85,0.0,16.43542,7.7,,11.7189865
131,2023-05-12 00:00:00+00:00,3.0,25.6,0.0,17.908333,10.4,,17.84033
132,2023-05-13 00:00:00+00:00,3.0,23.05,0.0,16.829166,10.95,,18.433397
133,2023-05-14 00:00:00+00:00,0.0,24.15,0.0,15.872916,5.55,,6.9666433
134,2023-05-15 00:00:00+00:00,1.0,28.85,0.0,19.904165,9.9,,14.103209
135,2023-05-16 00:00:00+00:00,3.0,24.25,0.0,18.4,12.1,,11.377843
136,2023-05-17 00:00:00+00:00,53.0,24.25,1.6999999,15.106248,9.8,,16.214586
137,2023-05-18 00:00:00+00:00,55.0,9.5,3.7999997,7.0208335,3.75,,17.809853
138,2023-05-19 00:00:00+00:00,51.0,19.85,0.1,12.016667,3.05,,11.854086
139,2023-05-20 00:00:00+00:00,3.0,25.4,0.0,17.439585,8.95,,17.554115
140,2023-05-21 00:00:00+00:00,3.0,20.45,0.0,14.400001,8.8,,17.112114
141,2023-05-22 00:00:00+00:00,3.0,26.85,0.0,17.435415,7.25,,7.532656
142,2023-05-23 00:00:00+00:00,3.0,24.7,0.0,17.754168,11.3,,21.812654
143,2023-05-24 00:00:00+00:00,51.0,20.55,0.4,15.489581,10.7,,23.35918
144,2023-05-25 00:00:00+00:00,3.0,28.55,0.0,20.30625,10.65,,23.396852
145,2023-05-26 00:00:00+00:00,2.0,30.2,0.0,24.8375,18.5,,25.685404
146,2023-05-27 00:00:00+00:00,51.0,29.95,0.2,23.820831,19.05,,18.954418
147,2023-05-28 00:00:00+00:00,3.0,30.3,0.0,24.397919,18.45,,23.678062
148,2023-05-29 00:00:00+00:00,61.0,28.9,2.5,22.304167,18.35,,19.99355
149,2023-05-30 00:00:00+00:00,65.0,26.1,19.9,20.397917,15.2,,8.293928
150,2023-05-31 00:00:00+00:00,3.0,27.25,0.0,21.61875,14.15,,7.441607
151,2023-06-01 00:00:00+00:00,51.0,27.75,0.8,22.433334,17.15,,9.584239
152,2023-06-02 00:00:00+00:00,51.0,32.05,0.2,25.075003,17.0,,10.648724
153,2023-06-03 00:00:00+00:00,63.0,30.7,12.200001,24.754166,19.1,,10.338567
154,2023-06-04 00:00:00+00:00,55.0,29.35,1.6,24.120834,19.35,,6.06757
155,2023-06-05 00:00:00+00:00,63.0,29.9,7.5,23.61875,18.15,,7.3879757
156,2023-06-06 00:00:00+00:00,65.0,30.8,9.599999,24.660416,19.25,,9.322977
157,2023-06-07 00:00:00+00:00,65.0,25.7,13.1,21.552084,18.55,,12.592015
158,2023-06-08 00:00:00+00:00,3.0,27.2,0.0,22.027084,16.45,,7.5649543
159,2023-06-09 00:00:00+00:00,55.0,25.9,1.9000001,21.691664,17.55,,13.895764
160,2023-06-10 00:00:00+00:00,0.0,20.95,0.0,16.570831,12.35,,18.520617
161,2023-06-11 00:00:00+00:00,3.0,24.35,0.0,18.291666,10.9,,5.638886
162,2023-06-12 00:00:00+00:00,3.0,28.7,0.0,21.377083,14.1,,9.127078
163,2023-06-13 00:00:00+00:00,51.0,27.5,0.7,21.341667,16.2,,11.312577
164,2023-06-14 00:00:00+00:00,3.0,20.4,0.0,15.370833,10.25,,14.4543495
165,2023-06-15 00:00:00+00:00,3.0,23.4,0.0,16.810417,10.6,,13.2300825
166,2023-06-16 00:00:00+00:00,3.0,22.3,0.0,18.564583,14.25,,10.535298
167,2023-06-17 00:00:00+00:00,3.0,24.9,0.0,19.668747,14.7,,8.5334
168,2023-06-18 00:00:00+00:00,3.0,27.95,0.0,21.608332,14.25,,11.259993
169,2023-06-19 00:00:00+00:00,63.0,29.7,2.8,24.347918,18.65,,18.75163
170,2023-06-20 00:00:00+00:00,65.0,34.45,14.8,27.17708,21.0,,19.388838
171,2023-06-21 00:00:00+00:00,63.0,27.5,2.6,25.139582,20.5,,16.051167
172,2023-06-22 00:00:00+00:00,63.0,22.55,5.1,18.78333,15.25,,11.5927925
173,2023-06-23 00:00:00+00:00,3.0,23.7,0.0,19.312502,13.0,,5.140439
174,2023-06-24 00:00:00+00:00,3.0,25.9,0.0,20.2125,14.8,,15.211237
175,2023-06-25 00:00:00+00:00,51.0,26.35,0.2,21.270834,16.45,,10.823067
176,2023-06-26 00:00:00+00:00,63.0,24.8,6.0,20.741669,15.55,,8.205647
177,2023-06-27 00:00:00+00:00,63.0,25.55,7.8999996,20.23333,15.5,,10.437674
178,2023-06-28 00:00:00+00:00,63.0,26.6,5.8,20.402084,16.6,,10.684648
179,2023-06-29 00:00:00+00:00,61.0,23.85,2.1000001,19.802082,16.15,,12.033138
180,2023-06-30 00:00:00+00:00,51.0,26.45,0.2,22.016668,17.05,,10.900546
181,2023-07-01 00:00:00+00:00,3.0,28.65,0.0,22.833334,15.55,,7.4162836
182,2023-07-02 00:00:00+00:00,55.0,30.9,1.9000001,24.045832,18.5,,15.540685
183,2023-07-03 00:00:00+00:00,3.0,24.5,0.0,21.235418,17.35,,17.820158
184,2023-07-04 00:00:00+00:00,51.0,20.8,1.0,17.43542,14.2,,17.751772
185,2023-07-05 00:00:00+00:00,3.0,19.1,0.0,15.252084,11.8,,9.896604
186,2023-07-06 00:00:00+00:00,61.0,25.2,4.8,17.556252,11.6,,14.714307
187,2023-07-07 00:00:00+00:00,3.0,21.45,0.0,17.174997,13.4,,14.391093
188,2023-07-08 00:00:00+00:00,3.0,22.0,0.0,16.4625,8.8,,9.806387
189,2023-07-09 00:00:00+00:00,63.0,25.9,5.8,19.533333,15.25,,15.737615
190,2023-07-10 00:00:00+00:00,3.0,18.3,0.0,15.127083,10.65,,19.447248
191,2023-07-11 00:00:00+00:00,3.0,22.5,0.0,16.789583,11.1,,9.4831295
192,2023-07-12 00:00:00+00:00,53.0,21.4,0.6,16.952082,11.15,,9.536059
193,2023-07-13 00:00:00+00:00,63.0,24.75,5.8999996,19.164583,13.65,,14.261321
194,2023-07-14 00:00:00+00:00,51.0,21.6,0.6,18.510416,15.0,,16.051321
195,2023-07-15 00:00:00+00:00,51.0,19.85,0.2,16.247917,12.6,,15.972675
196,2023-07-16 00:00:00+00:00,63.0,19.45,6.4,15.410417,11.25,,20.014803
197,2023-07-17 00:00:00+00:00,51.0,22.3,0.6,17.339586,12.15,,13.8348675
198,2023-07-18 00:00:00+00:00,63.0,22.2,10.400001,17.441668,11.25,,8.12331
199,2023-07-19 00:00:00+00:00,63.0,21.3,10.800001,18.029165,14.65,,10.564762
200,2023-07-20 00:00:00+00:00,1.0,24.9,0.0,19.852083,14.15,,9.505003
201,2023-07-21 00:00:00+00:00,55.0,25.55,3.0,20.168749,14.9,,8.809002
202,2023-07-22 00:00:00+00:00,3.0,26.25,0.0,21.500002,16.95,,13.26837
203,2023-07-23 00:00:00+00:00,63.0,24.8,10.8,19.779167,15.85,,7.9440684
204,2023-07-24 00:00:00+00:00,51.0,26.5,0.1,20.827082,14.0,,5.9303684
205,2023-07-25 00:00:00+00:00,53.0,29.25,2.3999999,23.441666,18.7,,14.994341
206,2023-07-26 00:00:00+00:00,1.0,30.65,0.0,24.46875,17.7,,10.478134
207,2023-07-27 00:00:00+00:00,53.0,25.75,0.5,21.327084,16.75,,9.439912
208,2023-07-28 00:00:00+00:00,63.0,19.65,4.6,16.866665,13.4,,14.1823635
209,2023-07-29 00:00:00+00:00,3.0,21.8,0.0,16.110415,10.15,,8.342762
210,2023-07-30 00:00:00+00:00,53.0,25.75,0.5,19.225002,11.85,,6.380901
211,2023-07-31 00:00:00+00:00,3.0,26.85,0.0,20.147917,13.1,,8.428186
212,2023-08-01 00:00:00+00:00,63.0,27.0,5.4,22.222916,18.05,,11.623771
213,2023-08-02 00:00:00+00:00,2.0,29.95,0.0,23.416666,17.25,,7.5346475
214,2023-08-03 00:00:00+00:00,3.0,26.8,0.0,21.933332,15.9,,8.946154
215,2023-08-04 00:00:00+00:00,3.0,26.65,0.0,21.510416,15.5,,8.711007
216,2023-08-05 00:00:00+00:00,3.0,28.4,0.0,23.289581,18.65,,8.511603
217,2023-08-06 00:00:00+00:00,1.0,25.3,0.0,20.777084,16.6,,12.072637
218,2023-08-07 00:00:00+00:00,61.0,26.4,1.3,19.952082,14.0,,8.367187
219,2023-08-08 00:00:00+00:00,63.0,22.8,6.5,18.360416,15.3,,12.067753
220,2023-08-09 00:00:00+00:00,3.0,20.25,0.0,16.122917,12.2,,11.115973
221,2023-08-10 00:00:00+00:00,63.0,21.7,7.7999997,15.316666,9.6,,10.949352
222,2023-08-11 00:00:00+00:00,63.0,20.5,14.199999,16.6625,12.8,,7.5227995
223,2023-08-12 00:00:00+00:00,51.0,21.35,1.0,16.704168,11.8,,6.0809293
224,2023-08-13 00:00:00+00:00,53.0,22.4,1.1,17.277082,12.3,,6.8921022
225,2023-08-14 00:00:00+00:00,3.0,25.25,0.0,19.172916,12.2,,9.553109
226,2023-08-15 00:00:00+00:00,3.0,25.65,0.0,21.1625,17.25,,9.924997
227,2023-08-16 00:00:00+00:00,51.0,23.9,1.4,19.806252,15.7,,27.530378
228,2023-08-17 00:00:00+00:00,51.0,23.5,0.1,18.252083,13.5,,15.627967
229,2023-08-18 00:00:00+00:00,51.0,27.6,0.1,21.908333,15.8,,24.868723
230,2023-08-19 00:00:00+00:00,3.0,27.05,0.0,22.231255,15.95,,19.625542
231,2023-08-20 00:00:00+00:00,3.0,22.15,0.0,17.422916,12.5,,8.221403
232,2023-08-21 00:00:00+00:00,55.0,18.5,3.1,16.527084,14.65,,10.20244
233,2023-08-22 00:00:00+00:00,61.0,23.1,1.9,18.71667,15.5,,12.768333
234,2023-08-23 00:00:00+00:00,63.0,23.2,7.7000003,19.122915,14.65,,7.2460814
235,2023-08-24 00:00:00+00:00,51.0,27.65,0.2,20.545832,17.0,,7.001118
236,2023-08-25 00:00:00+00:00,3.0,20.45,0.0,17.81875,13.75,,18.903746
237,2023-08-26 00:00:00+00:00,51.0,21.7,0.3,16.504168,10.85,,7.4091625
238,2023-08-27 00:00:00+00:00,55.0,25.7,2.1,19.793749,13.6,,12.974117
239,2023-08-28 00:00:00+00:00,3.0,23.0,0.0,19.179167,16.05,,11.517808
240,2023-08-29 00:00:00+00:00,3.0,21.25,0.0,17.706251,12.85,,14.751495
241,2023-08-30 00:00:00+00:00,3.0,24.65,0.0,18.304167,11.25,,11.754834
242,2023-08-31 00:00:00+00:00,51.0,28.9,0.3,22.704168,18.65,,23.978497
243,2023-09-01 00:00:00+00:00,3.0,26.1,0.0,21.864584,16.65,,17.021662
244,2023-09-02 00:00:00+00:00,0.0,32.25,0.0,25.30625,18.0,,16.84408
245,2023-09-03 00:00:00+00:00,3.0,27.9,0.0,23.150002,16.9,,7.9279923
246,2023-09-04 00:00:00+00:00,3.0,27.9,0.0,22.895828,19.6,,11.233544
247,2023-09-05 00:00:00+00:00,63.0,20.65,8.3,17.483334,12.95,,22.464743
248,2023-09-06 00:00:00+00:00,3.0,18.2,0.0,13.762501,10.15,,9.534939
249,2023-09-07 00:00:00+00:00,51.0,21.15,0.6,15.237502,9.0,,16.288591
250,2023-09-08 00:00:00+00:00,61.0,22.15,1.8000001,16.610418,11.9,,10.335997
251,2023-09-09 00:00:00+00:00,3.0,21.9,0.0,15.879165,9.85,,7.3353205
252,2023-09-10 00:00:00+00:00,63.0,20.5,7.8,15.095832,8.85,,8.648179
253,2023-09-11 00:00:00+00:00,51.0,16.85,0.1,13.114583,9.7,,13.334948
254,2023-09-12 00:00:00+00:00,3.0,16.3,0.0,11.116668,5.25,,7.706369
255,2023-09-13 00:00:00+00:00,3.0,19.55,0.0,13.464583,7.1,,16.204794
256,2023-09-14 00:00:00+00:00,51.0,23.0,0.2,16.958334,13.25,,11.577101
257,2023-09-15 00:00:00+00:00,53.0,16.45,3.4999995,13.910416,10.95,,18.404833
258,2023-09-16 00:00:00+00:00,51.0,16.65,0.4,14.060417,12.25,,10.697141
259,2023-09-17 00:00:00+00:00,3.0,19.55,0.0,14.477084,9.75,,14.1697855
260,2023-09-18 00:00:00+00:00,3.0,23.65,0.0,18.345833,12.65,,24.342693
261,2023-09-19 00:00:00+00:00,2.0,26.55,0.0,20.137499,14.95,,15.527751
262,2023-09-20 00:00:00+00:00,3.0,23.25,0.0,17.4,13.2,,11.664621
263,2023-09-21 00:00:00+00:00,63.0,17.65,14.1,14.418748,12.2,,11.514619
264,2023-09-22 00:00:00+00:00,63.0,19.9,13.299999,15.439582,12.3,,17.236256
265,2023-09-23 00:00:00+00:00,51.0,19.95,0.5,16.281252,12.95,,20.277004
266,2023-09-24 00:00:00+00:00,55.0,19.7,2.6999996,16.470835,14.2,,19.38704
267,2023-09-25 00:00:00+00:00,51.0,21.75,0.1,16.370836,10.8,,8.292999
268,2023-09-26 00:00:00+00:00,3.0,22.85,0.0,17.291666,12.35,,13.078911
269,2023-09-27 00:00:00+00:00,3.0,21.2,0.0,16.847916,11.35,,17.458122
270,2023-09-28 00:00:00+00:00,61.0,20.9,2.7,17.4875,14.75,,19.97863
271,2023-09-29 00:00:00+00:00,3.0,21.85,0.0,14.941667,9.9,,8.4788685
272,2023-09-30 00:00:00+00:00,3.0,22.3,0.0,15.654167,8.9,,11.5192
273,2023-10-01 00:00:00+00:00,63.0,26.75,12.3,19.077082,13.85,,13.858936
274,2023-10-02 00:00:00+00:00,3.0,20.2,0.0,17.064585,15.25,,11.118268
275,2023-10-03 00:00:00+00:00,63.0,23.0,11.800001,17.552082,14.05,,13.286411
276,2023-10-04 00:00:00+00:00,55.0,16.6,4.3,12.997916,11.1,,16.45177
277,2023-10-05 00:00:00+00:00,63.0,13.0,17.000002,10.245834,8.4,,20.254896
278,2023-10-06 00:00:00+00:00,53.0,10.0,1.5,7.702083,5.5,,20.790735
279,2023-10-07 00:00:00+00:00,51.0,10.1,0.3,5.3999996,1.95,,13.327168
280,2023-10-08 00:00:00+00:00,51.0,12.5,0.3,6.464584,0.5,,10.06902
281,2023-10-09 00:00:00+00:00,3.0,11.0,0.0,6.0770836,1.45,,8.407118
282,2023-10-10 00:00:00+00:00,3.0,10.4,0.0,4.7770824,-2.0,,8.458534
283,2023-10-11 00:00:00+00:00,3.0,11.8,0.0,7.0625005,2.6,,9.459941
284,2023-10-12 00:00:00+00:00,3.0,13.55,0.0,9.581249,5.9,,14.584377
285,2023-10-13 00:00:00+00:00,3.0,12.75,0.0,9.154166,5.6,,15.383889
286,2023-10-14 00:00:00+00:00,3.0,11.4,0.0,7.789583,3.3,,6.0807962
287,2023-10-15 00:00:00+00:00,0.0,14.35,0.0,7.391667,2.25,,9.454173
288,2023-10-16 00:00:00+00:00,3.0,15.0,0.0,8.243751,0.5,,10.126462
289,2023-10-17 00:00:00+00:00,53.0,14.9,1.1,9.841666,4.1,,11.369181
290,2023-10-18 00:00:00+00:00,3.0,16.4,0.0,11.01875,6.6,,11.299762
291,2023-10-19 00:00:00+00:00,51.0,14.65,0.70000005,8.872916,4.95,,5.0042996
292,2023-10-20 00:00:00+00:00,53.0,15.6,1.3,9.587501,3.55,,10.941234
293,2023-10-21 00:00:00+00:00,53.0,13.35,1.1,10.231251,5.6,,17.049772
294,2023-10-22 00:00:00+00:00,51.0,12.7,0.1,9.789582,6.1,,12.208058
295,2023-10-23 00:00:00+00:00,53.0,9.8,2.0,7.3979163,3.25,,15.6637945
296,2023-10-24 00:00:00+00:00,51.0,5.25,0.1,2.752083,0.9,,13.632051
297,2023-10-25 00:00:00+00:00,73.0,1.9,5.5,0.41875002,-1.85,,8.825913
298,2023-10-26 00:00:00+00:00,73.0,2.55,3.7,1.06875,-0.7,,16.90089
299,2023-10-27 00:00:00+00:00,75.0,0.65,9.100002,-1.5479165,-3.35,,17.998627
300,2023-10-28 00:00:00+00:00,71.0,-2.95,0.2,-4.9354167,-7.1,,16.647831
301,2023-10-29 00:00:00+00:00,3.0,-4.1,0.0,-6.160416,-9.15,,13.485622
302,2023-10-30 00:00:00+00:00,73.0,-1.15,1.7,-4.11875,-7.5,,18.46951
303,2023-10-31 00:00:00+00:00,3.0,-4.8,0.0,-7.2104163,-11.25,,15.026205
304,2023-11-01 00:00:00+00:00,3.0,1.3,0.0,-3.5854166,-8.5,,10.47291
305,2023-11-02 00:00:00+00:00,71.0,1.45,0.5,-1.6791667,-5.8,,14.926107
306,2023-11-03 00:00:00+00:00,71.0,0.45,0.3,-3.2666667,-6.45,,12.649715
307,2023-11-04 00:00:00+00:00,3.0,1.8,0.0,-2.8125,-6.6,,7.731931
308,2023-11-05 00:00:00+00:00,73.0,1.7,7.799999,-0.35833326,-3.65,,15.048667
309,2023-11-06 00:00:00+00:00,71.0,0.75,3.2,-0.062499985,-1.3,,13.511479
310,2023-11-07 00:00:00+00:00,75.0,2.45,2.8000002,0.125,-1.7,,16.04399
311,2023-11-08 00:00:00+00:00,75.0,1.8,9.999999,0.7625,0.1,,19.599617
312,2023-11-09 00:00:00+00:00,73.0,0.3,3.6999996,-0.40416667,-1.3,,21.37657
313,2023-11-10 00:00:00+00:00,3.0,0.65,0.0,-1.75,-4.35,,7.0256352
314,2023-11-11 00:00:00+00:00,3.0,1.45,0.0,-2.0374997,-3.9,,16.571682
315,2023-11-12 00:00:00+00:00,75.0,6.95,1.2,1.8437501,-3.1,,21.73944
316,2023-11-13 00:00:00+00:00,3.0,5.75,0.0,2.20625,-1.65,,14.953569
317,2023-11-14 00:00:00+00:00,3.0,9.6,0.0,4.758333,1.35,,18.433483
318,2023-11-15 00:00:00+00:00,3.0,8.0,0.0,2.45625,-1.8,,13.312088
319,2023-11-16 00:00:00+00:00,73.0,1.25,3.3000002,-0.5166667,-3.35,,16.753862
320,2023-11-17 00:00:00+00:00,3.0,4.45,0.0,-0.16458344,-4.05,,15.530907
321,2023-11-18 00:00:00+00:00,3.0,6.25,0.0,0.7895832,-2.45,,9.512909
322,2023-11-19 00:00:00+00:00,3.0,7.15,0.0,1.6416665,-1.75,,12.518021
323,2023-11-20 00:00:00+00:00,53.0,10.0,1.0,4.6291666,2.15,,20.111038
324,2023-11-21 00:00:00+00:00,73.0,1.55,0.90000004,-2.3104165,-4.25,,16.189545
325,2023-11-22 00:00:00+00:00,3.0,-0.45,0.0,-3.6125004,-8.8,,17.105463
326,2023-11-23 00:00:00+00:00,3.0,-8.15,0.0,-9.510417,-12.1,,18.628695
327,2023-11-24 00:00:00+00:00,0.0,-1.55,0.0,-6.337501,-10.55,,18.488506
328,2023-11-25 00:00:00+00:00,73.0,0.75,1.0,-2.9666665,-6.1,,18.306955
329,2023-11-26 00:00:00+00:00,73.0,-0.85,1.6000001,-7.0041676,-12.25,,25.54063
330,2023-11-27 00:00:00+00:00,3.0,-9.45,0.0,-11.7625,-14.25,,11.910697
331,2023-11-28 00:00:00+00:00,71.0,3.2,0.2,-3.9895837,-13.4,,18.514153
332,2023-11-29 00:00:00+00:00,71.0,3.8,0.3,-0.4270834,-2.7,,14.2747965
333,2023-11-30 00:00:00+00:00,73.0,-0.25,1.4000001,-3.1145837,-6.45,,9.567284
334,2023-12-01 00:00:00+00:00,3.0,0.95,0.0,-3.7770832,-7.4,,9.8677
335,2023-12-02 00:00:00+00:00,3.0,0.5,0.0,-1.9687501,-4.5,,19.848715
336,2023-12-03 00:00:00+00:00,3.0,0.35,0.0,-3.114583,-6.6,,13.032771
337,2023-12-04 00:00:00+00:00,3.0,-1.25,0.0,-6.06875,-8.7,,5.7740912
338,2023-12-05 00:00:00+00:00,3.0,-1.65,0.0,-5.183334,-8.25,,11.957733
339,2023-12-06 00:00:00+00:00,3.0,5.95,0.0,0.9708333,-2.3,,14.081358
340,2023-12-07 00:00:00+00:00,53.0,6.4,1.2,1.9437499,-0.55,,13.067661
341,2023-12-08 00:00:00+00:00,75.0,1.65,8.700001,0.47500002,-1.4,,20.785929
342,2023-12-09 00:00:00+00:00,73.0,-2.15,1.2,-3.9625003,-7.0,,23.527092
343,2023-12-10 00:00:00+00:00,3.0,-2.8,0.0,-5.679167,-8.0,,11.949445
344,2023-12-11 00:00:00+00:00,71.0,0.75,0.1,-4.4687505,-7.7,,22.057991
345,2023-12-12 00:00:00+00:00,71.0,-5.05,0.2,-7.5333343,-10.3,,14.929199
346,2023-12-13 00:00:00+00:00,3.0,2.05,0.0,-3.83125,-9.95,,16.098303
347,2023-12-14 00:00:00+00:00,3.0,6.95,0.0,1.1083332,-4.0,,17.359941
348,2023-12-15 00:00:00+00:00,3.0,0.45,0.0,-2.9854167,-5.8,,10.3303
349,2023-12-16 00:00:00+00:00,71.0,-0.45,0.2,-4.41875,-8.95,,12.31321
350,2023-12-17 00:00:00+00:00,73.0,-0.45,1.0,-4.9062505,-11.95,,20.014446
351,2023-12-18 00:00:00+00:00,3.0,-6.2,0.0,-11.020833,-15.1,,18.266562
352,2023-12-19 00:00:00+00:00,3.0,-1.05,0.0,-5.508333,-9.5,,11.3611355
353,2023-12-20 00:00:00+00:00,71.0,-2.1,0.1,-6.202082,-10.4,,15.512456
354,2023-12-21 00:00:00+00:00,3.0,1.4,0.0,-1.2,-4.25,,18.762953
355,2023-12-22 00:00:00+00:00,3.0,-0.15,0.0,-3.3916667,-6.25,,8.696979
356,2023-12-23 00:00:00+00:00,3.0,0.7,0.0,-0.28958336,-1.1,,16.836123
357,2023-12-24 00:00:00+00:00,73.0,0.2,2.5999997,-1.3666667,-5.6,,16.48308
358,2023-12-25 00:00:00+00:00,3.0,-1.65,0.0,-6.460417,-10.65,,7.6194468
359,2023-12-26 00:00:00+00:00,3.0,-1.0,0.0,-4.881251,-7.0,,11.478142
360,2023-12-27 00:00:00+00:00,1.0,1.2,0.0,-4.6416674,-8.75,,4.8484454
361,2023-12-28 00:00:00+00:00,1.0,0.05,0.0,-4.8250003,-8.05,,7.6964025
362,2023-12-29 00:00:00+00:00,3.0,0.7,0.0,-3.7937498,-6.45,,13.218433
363,2023-12-30 00:00:00+00:00,73.0,-3.9,1.7,-5.414583,-8.65,,20.797247
364,2023-12-31 00:00:00+00:00,3.0,-6.15,0.0,-8.497916,-9.45,,10.336671
